<?xml version="1.0" encoding="UTF-8"?>
<build-type xmlns:xsi="http://www.w3.org/2001/XMLSchema-instance" uuid="5cfa023a-febf-457e-a62d-48e9b75933ac" xsi:noNamespaceSchemaLocation="https://www.jetbrains.com/teamcity/schemas/2021.1/project-config.xsd">
  <name>Build</name>
  <description />
  <settings>
    <parameters />
    <build-runners>
      <runner id="RUNNER_1" name="Passing tests" type="python-runner">
        <parameters>
          <param name="command" value="pytest" />
          <param name="coverageArgs" value="--omit=*lib*" />
          <param name="envTool" value="none" />
          <param name="installToolPackage" value="true" />
          <param name="isTestReportingEnabled" value="true" />
          <param name="poetryExecutable" value="poetry" />
          <param name="pythonVersion" value="python3" />
          <param name="scriptArguments" value="/test_sample.py -k test_passing" />
          <param name="teamcity.step.mode" value="default" />
          <param name="virtualenvEnvName" value=".venv" />
          <param name="virtualenvFile" value="requirements.txt" />
        </parameters>
      </runner>
    </build-runners>
    <vcs-settings />
    <requirements />
    <build-triggers />
    <cleanup />
  </settings>
</build-type>

